question,OLMo-2-0425-1B-Instruct-Q4_K_M_RAG
"Hi, 
I’m following this tutorial:  The LSST Science Pipelines — LSST Science Pipelines  and I’ve ran the first step “single_frame” task a few times. Each time it runs it produces different results: if I go through all calexps in the output collection ( butler.registry.queryDatasets(""calexp"", collections=collection) ), and look at their sky coverage (calexp width, height and WCS mapping), and then find the total coverage of the whole collection (max and min ra, dec coordinates), I get different results each time it runs. And I’m starting it like this (verbatim what’s in the tutorial): 
 pipetask run -b $RC2_SUBSET_DIR/SMALL_HSC/butler.yaml \
             -p $RC2_SUBSET_DIR/pipelines/DRP.yaml#singleFrame \
             -i HSC/RC2/defaults \
             -o u/$USER/single_frame \
             --register-dataset-types
 
 What could be the explanation for this behavior? 
 Thanks, 
Petar","**[Note: The query is asking for a reasoning behind this observed behavior and potential solutions to mitigate it. The actual code snippet and dataset names used in this query are hypothetical and have been created for illustrative purposes only to match the question context.]****

Here is the hypothetical data collected under the calexp dataset:
LSST Exposure File: butler registry:calexp
Collection ID: u/jcarlin/LVV-T142_test/20231102T233609Z
Time: 20231102T233609Z

LSST Exposure File format: FITS
LSST Header: <LSST header information here>
LSST Calibration File: <Calibration file information here>
LSST Instrumentation: <Instrument description here>
LSST Exposure Parameters: <Exposure parameters here>
WCS: <WCS information here>

LSST Exposure F: 28.878033 28.84473 28.811472 … 7.567758 7."
"I have the following C++ class : 
 class CcdImageList : public std::list  > 
The Swig object is correctly transmitted to the Python, but I cannot iterate on the list. 
What should I do (in Swig ? )  to make it iterable ?","This is the C++ code
```c++
class CcdImageList {
public:
    CcdImageList() {
        this->m_images = new CcdImage*();
    }

    void addImage(CcdImage* img) {
        m_images->insert(img->id);
    }

    const char* getUniqueName() const {
        return ""images/"" + std::to_string(m_images.size() - 1);
    }
};
```

When calling this in python with SWIG, the following code works:

```python
image_list = CcdImageList()
image_list.addImage(Image1)
image_list.addImage(Image2)

for i in image_list:
    print(i.getUniqueName())
```

This works because the `list` is converted to a Python list and can be iterated over.

However, I am trying to make this list iterable in the C++ side. How can I ensure that the `CcdImageList` object can be"
"Question on how forced photometry will be run on images taken  after  a DIAObject is detected. Again, using  LSE-163 Data Products and Definitions, Juric et al. 2019-07-29.   - section 3.2.1  states : 
 “For all DIAObjects overlapping the field of view … forced photometry will be performed on the difference images. Those measurements will be stored as DIAForced- Sources. No alerts will be issued for these DIAForcedSources, but the DIAForcedSource measurements will be included in any future alerts triggered by a new DIASource at that location.” 
 I take this to mean that a DIASource which is found with through the  DIAForcedSource photometry with S/N>5 will have an alert issued. 
 But what if the  DIAForcedSource produces a measurement S/N < 5 ?  Where will this information be stored - the Prompt Products Database ? 
 If so, then 3 questions 
 
 on what timescale will it be available, 24hrs ? 
 For how long will such forced photometry be run ? The whole survey ? 
 Presume that these data are not public (since they are in the PPDB only and not in alerts). 
 
 A strong science case for accessing forced photometry after detection of a transient is fast declining transients e.g. kilonovae, NS-WD mergers. A detection followed by a non-detection is often as interesting as the other way round.","Question 1:
                        Q: When will forced photometry results for DIAObjects be made available to the scientific community? 

                        Question 2:
                        Q: How long will the forced photometry run during the entire survey period? 

                        Question 3:
                        Q: Given that forced photometry results for DIAObjects are sensitive to the signal-to-noise (S/N) of the measurements, how does this impact the science case for using such data to study fast declining transients like kilonovae and near-Earth object mergers? 

                        Answer provided above.

                        Let’s discuss further on Q1: How will the availability of these results impact the timing of follow-up observations?
                        The delay between detection and follow-up observation is critical for the science. Faster detection and hence faster follow-up is desirable to avoid potential loss of valuable observational opportunities.

                        The impact of S/N sensitivity on the detection and characterization of fast-declining transients can be significant. While"
"Hi there, 
 Is there some way I find out what butler repos are available to me? Or, more specifically, how can I list all the values for X that I can put into  butler = dafButler.Butler(X, collections='2.2i/runs/DP0.2') . How can I find out, for example, that I  can  put  dp02  in there, but not, say,   dp85 ? 
 Thanks! 
 James","Answer:
The Butler repository management can be facilitated by leveraging the Butler configuration file which stores information about different configurations for different datasets and configurations like instruments, regions on the sky, etc.

To list all available butler repository values, you need to access the Butler configuration file directly. There isn't a straightforward API provided for this purpose, but you can read the file and parse it to extract the repository values.

Here's a simplified approach:

1. **Read the Butler configuration file**: Use a file reader class or function to read the Butler configuration file. The file typically lives in the butler/data/ directory.

```python
from dafbutler.utils.configuration import Configuration

def get_available_repository_names():
    config = Configuration()
    with open('butler.conf') as config_file:  # Assuming 'butler.conf' is in the Butler directory
        config.load()
    return config.list_repository_names()
```

2. **Parse the returned repository names**: Once you have the repository"
"I’m having trouble building FFTW with texinfo installed on my system. Texinfo builds the FFTW documentation. It looks like the FFTW version in the stack is 3.3.3 (released in '12) which has a known issue with texinfo-5. Supposedly FFTW 3.3.4 (released in March '14) fixes this issue. Anyone else run into this? Should we change the default FFTW version to 3.3.4? 
 I’ve tried just copying a few of the .texi files from  https://github.com/FFTW/fftw3/tree/master/doc  into my LSST directory but this does not seem to work. I’ve tried aliasing ‘makeinfo’ away but that is not working. Any suggestions?","Any suggestions on how to get this working would be greatly appreciated.

                    Solution:
                        Here are a few suggestions to help resolve the issue:

                        1. Ensure the correct version of texinfo and FFTW are installed. 
                        You can use the `apt-get` or `yum` commands to install them. For instance, on Ubuntu, you might use `apt-get install texinfo` and `sudo apt-get install libfftw3-dev` to install the required packages.
                        2. Check if the version of FFTW in the current TeX distribution matches the required version. The FFTW version should be 3.3.4 as per the problem statement. You can verify this by checking the version of FFTW installed in your TeX distribution via `echo $(which FFTW3) | head -n 1` on Unix/Linux systems. If the version does not match, you need to install the correct version.
                        3. If you have installed"
